1,Mexico City,MEX
13,Sochi,RUS
12,St. Louis,USA
3,Nagano,JPN
2,Sarajevo,BIH
18,Torino,ITA
6,Beijing,CHN
19,Cortina d'Ampezzo,ITA
9,Tokyo,JPN
17,Stockholm,SWE
5,Paris,FRA
11,Berlin,GER
8,Sydney,AUS
21,Amsterdam,NED
15,Munich,GER
14,Athina,GRE
20,Calgary,CAN
16,Moskva,URS
7,Lake Placid,USA
10,Salt Lake City,USA
4,London,GBR
39,Antwerpen,BEL
29,Vancouver,CAN
26,Albertville,FRA
36,Helsinki,FIN
25,Grenoble,FRA
27,Montreal,CAN
38,Oslo,NOR
28,Chamonix,FRA
32,Sapporo,JPN
30,Innsbruck,AUT
23,Los Angeles,USA
40,Sankt Moritz,SUI
35,Seoul,KOR
42,Rio de Janeiro,BRA
31,Squaw Valley,USA
22,Lillehammer,NOR
37,Garmisch-Partenkirchen,GER
41,Melbourne,AUS
34,Roma,ITA
24,Barcelona,ESP
33,Atlanta,USA
