43,1998,Winter    ,3,XVIII Olympic Winter Games
35,1984,Winter    ,2,XIV Olympic Winter Games
33,1980,Winter    ,7,XIII Olympic Winter Games
26,1964,Summer    ,9,XVIII Olympic Summer Games
20,1956,Winter    ,19,VII Olympic Winter Games
52,2016,Summer    ,42,XXXI Olympic Summer Games
38,1988,Summer    ,35,XXIV Olympic Summer Games
30,1972,Summer    ,15,XX Olympic Summer Games
27,1968,Winter    ,25,X Olympic Winter Games
10,1928,Winter    ,40,II Olympic Winter Games
6,1912,Summer    ,17,V Olympic Summer Games
48,2008,Summer    ,6,XXIX Olympic Summer Games
28,1968,Summer    ,1,XIX Olympic Summer Games
16,1948,Winter    ,40,V Olympic Winter Games
15,1936,Summer    ,11,XI Olympic Summer Games
42,1996,Summer    ,33,XXVI Olympic Summer Games
49,2010,Winter    ,29,XXI Olympic Winter Games
41,1994,Winter    ,22,XVII Olympic Winter Games
31,1976,Winter    ,30,XII Olympic Winter Games
14,1936,Winter    ,37,IV Olympic Winter Games
9,1924,Summer    ,5,VIII Olympic Summer Games
45,2002,Winter    ,10,XIX Olympic Winter Games
5,1908,Summer    ,4,IV Olympic Summer Games
29,1972,Winter    ,32,XI Olympic Winter Games
47,2006,Winter    ,18,XX Olympic Winter Games
39,1992,Winter    ,26,XVI Olympic Winter Games
1,1896,Summer    ,14,I Olympic Summer Games
8,1924,Winter    ,28,I Olympic Winter Games
17,1948,Summer    ,4,XIV Olympic Summer Games
37,1988,Winter    ,20,XV Olympic Winter Games
23,1960,Winter    ,31,VIII Olympic Winter Games
50,2012,Summer    ,4,XXX Olympic Summer Games
2,1900,Summer    ,5,II Olympic Summer Games
44,2000,Summer    ,8,XXVII Olympic Summer Games
51,2014,Winter    ,13,XXII Olympic Winter Games
22,1956,Summer    ,41,XVI Olympic Summer Games
11,1928,Summer    ,21,IX Olympic Summer Games
3,1904,Summer    ,12,III Olympic Summer Games
21,1956,Summer    ,17,XVI Olympic Summer Games
4,1906,Summer    ,14,1906 Intercalated Games
46,2004,Summer    ,14,XXVIII Olympic Summer Games
40,1992,Summer    ,24,XXV Olympic Summer Games
12,1932,Winter    ,7,III Olympic Winter Games
32,1976,Summer    ,27,XXI Olympic Summer Games
13,1932,Summer    ,23,X Olympic Summer Games
19,1952,Summer    ,36,XV Olympic Summer Games
25,1964,Winter    ,30,IX Olympic Winter Games
36,1984,Summer    ,23,XXIII Olympic Summer Games
34,1980,Summer    ,16,XXII Olympic Summer Games
7,1920,Summer    ,39,VII Olympic Summer Games
18,1952,Winter    ,38,VI Olympic Winter Games
24,1960,Summer    ,34,XVII Olympic Summer Games
